{"sizes": [10, 30, 3], "weights": [[[0.402671508221699, 0.3145443819411189, -0.31683992006811007, -0.1517665581035305, -0.21090324140209352, 0.5122068165991946, -0.0006511662645550958, 0.37426109387739015, 0.06106824444194699, -0.503116407515812], [0.08136751229746456, -0.22131209969032054, 0.0015012624975106888, 0.08012292871082094, 0.1289502518694768, 0.29305811496176876, 0.33708870438559, -0.11008712445764685, -0.14608006861811196, 0.10028344808589244], [0.11539306367373382, 0.18165984445563688, 0.009230702588803229, 0.19595525833851002, 0.059810275664852204, 0.2850591952484085, -0.27625162784545654, 0.005654771638098331, -0.11434079860011576, -0.028439377259216327], [0.0402629653747654, -0.33985461312437143, 0.48985535648056633, -0.351310508033789, -0.25036860429531743, 0.1713230084420036, 0.06146000208759397, 0.026674395701371523, 0.06760020233693366, 0.026622147682951756], [-0.29885989932532064, 0.326215865652264, 0.5015494337491093, 0.28527325886075877, 0.16464688843221809, -0.14739634484794803, -0.24502051409705528, -0.5400219392271166, 0.1952759222474423, -0.4633105113389218], [-0.0714859774626854, 0.11962190389215767, 0.15923910968781851, -0.20805428181535765, -0.800485696385979, -0.26065070814752256, -0.0011988572057589242, 0.13380037536722275, -0.0927333357780101, 0.19943565908897593], [0.13962683597584344, 0.35741205191123226, -0.08392373623434606, -0.4592084668487909, 0.10504133361626579, -0.1482881180761667, -0.22458248340816053, 0.12635385732540075, -0.23930126141390756, 0.3802809560857692], [-0.1732666516100773, -0.20361639214669636, 0.21544902906223548, 0.07626393259433072, -0.08258299584031799, 0.41517234993763596, -0.06818055883615715, -0.40246758388426446, 0.20407946374956773, -0.4343974646610449], [0.02084641407273736, 0.12148568573467293, -0.24481113097827142, -0.6092692967487343, 0.38939401487647446, -0.4821200757115209, -0.06357128089092515, -0.44719780732759107, 0.5330774447210006, 0.44699051802844386], [-0.023207490220516807, 0.49614760051914836, 0.18372711699588554, 0.035669804725451365, -0.3143243050307672, -0.15362956645619294, 0.2979617324120433, -0.2194102697566899, -0.06937809553438547, -0.0896123489168049], [-0.017444256054382875, 0.03898229300187158, -0.5284875105838042, -0.21883859887901186, 0.5920833195017373, 0.2267357737642589, -0.5172081280746372, 0.23870219643895377, 0.1298739609966815, 0.622558380671965], [0.3547773647216016, -0.1021636917370754, 0.05148261839166087, 0.028589704449831624, -0.3079950801328334, -0.07892359972547207, 0.11694332031386563, -0.4696408118419394, 0.13387043381703037, -0.33292944448509854], [-0.011822396829808464, 0.216645264164245, 0.1975798271747695, -0.35726069396490584, 0.1633668411247472, -0.27219887995501446, -0.5830235796512514, 0.06745423018263177, -0.13633505204794924, -0.27561651865263853], [-0.18445235002327828, -0.16611527222521752, 0.3240680746983588, 0.05975110903369772, 0.386371481124386, -0.1187504276447001, -0.5510141690804339, 0.2568887053537992, -0.3176512692379286, -0.03451913300517021], [0.3441710769284634, 0.013159910576428136, -0.2523527863114449, 0.534114635749501, 0.0021511337933465395, -0.8601941737027833, 0.4145674110441317, -0.044004391116243574, 0.29338617022787516, -0.35500655959676675], [0.550206064222658, 0.03589768544121508, -0.45916272755502624, 0.41864158900338977, 0.2578872080596533, -0.40523389404713567, -0.10286850582401226, 0.20359926862323394, 0.12344986504490162, -0.8419018846221341], [0.2912527049243826, -0.5524202264378046, -0.2423096256002224, -0.1012235302858454, 0.5964001222203992, 0.017768134633082744, 0.6667274997430078, -0.5427650568250869, -0.3290598871731041, -0.27252025124218], [-0.08254957751816029, -0.35092592557122526, -0.045743579954857616, -0.37745040818240816, 0.42088634276912734, -0.3843033197605242, 0.5427468512966296, 0.173809858652688, -0.058652413814565596, -0.4298715350737313], [-0.08181745507850131, 0.32966689156837037, 0.11646886708598085, -0.0847426966285749, 0.023829120602181796, -0.46076371519898707, -0.31733678623000294, 0.02006296877375756, 0.45004492957216347, -0.3504131997092668], [-0.44006825385938464, -0.15629018268814746, -0.2795372406100484, 0.34637597420306193, 0.18166893715341584, 0.35613262782816985, 0.5504514479776165, 0.19499787152706483, 0.1283796673532504, 0.40629199992965026], [-0.5682518040345811, -0.2824094513351995, -0.03662947927593581, -0.3640636539772349, 0.12421432889360978, 0.057229700164703676, 0.1751985083283624, -0.4649821891423733, 0.11535928630225419, -0.01294528103465536], [-0.24786831233906328, -0.37884183444395647, -0.3581070671527153, -0.2789755784712483, -0.08479506332795332, -0.20506114233561148, -0.0010852099704944287, 0.4238786634238386, 0.3538826769370612, 0.658522319607397], [-0.2386531663960104, 0.35396812553925316, -0.5096729168156166, -0.1010910277174483, -0.1789932295564152, -0.15182077716020137, 0.25062331798630016, 0.227779868581985, -0.29461070224482205, 0.12911703716380712], [0.17137802065642835, 0.08157678240509116, -0.09298895077703563, -0.2628408989738799, -0.4085790950639851, -0.5160163073785606, -0.1265422545249111, 0.3779590725878531, -0.1846732913593282, 0.4103054680620023], [0.10274041330701152, -0.12331777697259685, 0.3624850868214905, -0.02422794071033323, -0.499754231438732, -0.2326078763311384, -0.045664112769943366, 0.0005386706719722756, -0.06859404047647541, -0.6824242063945997], [-0.3044014688048265, 0.044112185945771314, 0.15207277764807609, 0.604221891849348, -0.005740227943873254, 0.11739330139735388, -0.2662113578790332, 0.054162694123955836, -0.1758638011283301, 0.22252339640652616], [-0.09869592145969949, -0.27352530937415254, 0.48978424883631233, 0.33835413613835913, -0.38289423572970976, -0.4343411815910688, 0.4197221603308053, -0.32338268741987364, 0.11199912031319233, -0.2604923248848677], [0.6294708697855617, 0.0445251605549205, -0.496030618088207, -0.5801466456328007, -0.3395129599314435, -0.3234664857532911, 0.16750423944339854, -0.7357802799842111, -0.4172057004030097, -0.03762938641814439], [-0.17281817719455378, -0.436221988351252, -0.13933266763666988, -0.21417661008552724, 0.2734049747740402, 0.42455841542748907, 0.895376555748988, 0.2089149145268151, 0.2982801282585924, -0.34337220020344006], [0.23342130283380924, 0.5361982224245471, 0.10993113894872833, 0.058696296016159666, 0.3316860977826941, -0.15012197097664925, -0.3686289311607766, -0.1748925982165964, -0.08878637791136315, 0.46314363134558284]], [[0.35908364396985953, 0.17609093440787676, -0.1387282975797684, 0.3624130632933994, 0.11088595165251515, -0.025297747430310127, 0.2568969958795377, -0.07664349304623214, -0.11032889594155149, -0.002840083490391532, 0.09037256630661077, 0.08874805481716105, 0.08129763113199255, 0.05744922229678959, 0.2726179343111334, 0.01508016568390385, -0.09447416998799946, -0.06108316906046407, 0.18472672599369078, 0.15589634157109278, 0.031133932791967474, 0.09056872602651166, 0.14365992372154812, -0.2469322332437878, 0.4431100869356929, 0.43740416466679954, 0.018910779248729265, 0.12571714202593426, -0.16520059546708257, 0.1660779111161738], [-0.10915618005802531, 0.0013191448771558566, 0.0974039486323895, -0.5928962618934296, -0.11362826872900066, -0.25969287594383367, -0.11076426266174044, -0.1610919912762249, -0.1393217249832279, -0.1645577327206121, 0.08838440884973864, 0.22039554399464106, -0.1054372552103032, 0.024509201050635664, -0.026887133247703934, -0.328596844753325, -0.2111370451633122, -0.2392423898683764, -0.09949192652709433, -0.06338452646805395, -0.25147011024475113, -0.16999624481139403, -0.19638837916422688, 0.17465462435814313, -0.4351567091467434, -0.20012391583438732, 0.04446295652069178, -0.15466253148128517, -0.020892094404367182, -0.12910888677992924], [0.22940889063650324, -0.023110011984972915, -0.1650992202388904, 0.18407623693003516, 0.09538244516087707, -0.08623439351850573, 0.2667456438942805, -0.024398270728176994, -0.09541091336449652, -0.35014903123456886, 0.2201429582506896, -0.11815701928877223, 