{"sizes": [10, 10, 3], "weights": [[[-0.08309100201891684, -0.2449576571519205, -0.0865207195173245, 0.13536895547672823, 0.15331555538090463, -0.1153881547563613, 0.016136112152877465, -0.5602786488905853, -0.09131949940291788, 0.7975783571913133], [-0.16398472365705224, -0.4526797537659666, 0.03930998557957641, -0.4017536817172467, 0.44379208145846594, 0.33378491958032025, 0.17266114679997532, 0.13124756183772027, -0.07345813405632699, -0.18141541309074394], [-0.4238248522229916, -0.5116858402744119, 0.12671190979707408, 0.04867564882932242, 0.0900547851066645, 0.0013437423102299407, -0.1835807791238546, -0.044541849671295854, -0.08577231741023715, -0.06896546541415684], [-0.43137104371268165, 0.4048459857087504, 0.7822884500815477, 0.26919212479781707, 0.42249165679739725, 0.21821252243459527, -0.07863532302845938, -0.21157840343359188, 0.15743938357083936, -0.6513880553826475], [-0.24944954877203482, 0.4598631656474159, -0.18159976798055777, 0.10470653600855839, 0.10747449108948255, -0.5686266896908114, 0.5154177133491146, -0.33588773655182735, -0.01850125425239398, 0.4666132724834989], [-0.2713602591903812, 0.23036902537050163, -0.1554385683466243, 0.5498071146425575, -0.2023357798468229, 0.4048681206365156, 0.27502732217405046, -0.16285554557289092, 0.16159159144191815, -0.19658994102143545], [-0.02642385680377053, 0.02558990801850255, -0.3182941626692311, -0.08880694067054933, -0.5129798666028212, -0.08646473185619757, 0.07032700264079614, -0.18405545436646398, -0.05314246175363476, 0.4558798026531233], [-0.09706467094481723, 0.017991585438643654, 0.03468892015483706, 0.3943209092195926, -0.14328645098095705, -0.03919444489125945, 0.1273942446195892, -0.07944574510076341, 0.14330086425334423, -0.3398964731696994], [0.1665876114375227, 0.11771501335572938, 0.1255594917326448, -0.5146451236228228, 0.48402502378065687, -0.04353588040379894, -0.25378959201808066, -0.0730512224239257, -0.10713754609964148, -0.031065334286929747], [0.9858796275291959, 0.3347914057053663, 0.3705739438910286, -0.9670896210630368, 0.15438695084978837, 0.4765589854031803, -0.23760765452550492, -0.31665562498723154, 0.21663039262576295, 0.1365777397290984]], [[0.01950369552571205, 0.3631906963823093, 0.06897593296081928, 0.47747838205797266, 1.3694795241899842, -0.14412613498906388, 0.0050105104146424585, 0.4456275395914147, 0.556770343629276, 0.1574522534530179], [0.18235715539324399, -0.2709226733286151, 0.08409561003724754, -0.4959983316840785, -0.26613780489041927, -0.4046219015220579, -0.052686676653568576, -0.4914555760607076, 0.03274475006367433, -0.37190590548455166], [0.38631978508701337, 0.4679362828557385, 0.053647616104018706, -0.06977868409953587, 0.09700014761303384, -0.07892555794220903, 0.08924352950376974, 0.03867166403212523, 0.06264679724611906, 0.4124080899907025]]], "biases": [[[-2.7768786546175845], [-0.10145786657863581], [0.8491023164222059], [1.2356259379061065], [-0.4766132523964052], [-2.041325177682762], [1.2552642124069964], [1.2633842816402936], [-1.0269285161796105], [1.051594622526444]], [[0.6038196645273383], [-1.08449106138099], [-0.8298897324214196]]], "trainCost": [1.379701134549806, 1.2837572199683054, 1.2707943874734378, 1.267422001603789, 1.2663747524426516, 1.2661848577842654, 1.2660043922595081, 1.266269714837237, 1.2665936455305167, 1.2658766557901573, 1.266251795860655, 1.2659537147798698, 1.265795266406756, 1.2658846596324185, 1.2656723712151243, 1.2657238356892795, 1.2658539102189297, 1.2655114809748966, 1.2654911988453632, 1.265840136806838, 1.2655997577329703, 1.2653504617527649, 1.2655346647586379, 1.2653302782028375, 1.2656780076246756, 1.2651392973008664, 1.2650900559506788, 1.2651561928779453, 1.2650159422679854, 1.2649502325429864, 1.264939328214426, 1.2649359365655841, 1.264924170493678, 1.2649161078712823, 1.2649126832534539, 1.2649076231712744, 1.264902724144415, 1.2649032161273146, 1.2648976530868676, 1.2648883173295815, 1.2648852905143257, 1.2648841363061532, 1.2648731894567782, 1.26487452143077, 1.2648645440543338, 1.2648525550615692, 1.2648483116845641, 1.264843720601546, 1.2648378722751394, 1.2648318989057634, 1.264827186680934, 1.2648211684954804, 1.2648164265752082, 1.2648108848725634, 1.2648055163190124, 1.2648020915016505, 1.2647952330638628, 1.2647900049327871, 1.2647851876323386, 1.26478119424803], "testCost": [1.399000738654067, 1.3023800544268063, 1.2914898700894522, 1.2902146322827361, 1.2882956363142397, 1.2891695661521834, 1.2879705489001652, 1.2870554085839394, 1.2867452701305946, 1.2876767258515653, 1.2901462344778172, 1.2869988514001087, 1.2874077339231904, 1.2890321797019249, 1.287354777826254, 1.2870146214361495, 1.2865857852816007, 1.2877462043283374, 1.2873990907285042, 1.2898522038405762, 1.2891060081959016, 1.287896106240972, 1.2863095026041245, 1.2866234469423101, 1.2898605184256071, 1.287444686305782, 1.2874441589535288, 1.2863949651721462, 1.2866198776352533, 1.2867936645428744, 1.286863042029003, 1.2868435059834256, 1.2869495911492155, 1.2869958723822768, 1.286942546777593, 1.2869365235187655, 1.2869430169083058, 1.2868503087141285, 1.2868514650946383, 1.286900357038304, 1.2868540752114739, 1.2867990238842524, 1.2868880504356688, 1.2867925480870988, 1.286824964351625, 1.2869817643353023, 1.2869310421726754, 1.2868975631987152, 1.2869340800508755, 1.2869588258197415, 1.2870345410074562, 1.2869241826667457, 1.2870224140239321, 1.2869062333103818, 1.286926941689498, 1.2868118545306033, 1.2869505226648903, 1.2869589981098362, 1.2869886243583453, 1.287011639844004],